timestamp,latitude,longitude,altitude,mean_snr,sat_count,mean_elevation,roll,pitch,yaw,is_inclined
1725101145,18.5633856,73.833207,509.4,,0,,83.0,-3.0,165.0,1
1725101146,18.5633857,73.8332065,509.4,21.03936170212766,94,32.180851063829785,178.0,5.0,180.0,1
1725101147,18.5633853,73.8332065,509.4,17.564893617021276,94,32.180851063829785,179.0,1.0,178.0,1
1725101148,18.563385,73.8332063,509.4,15.695652173913043,92,31.956521739130434,179.0,1.0,178.0,1
1725101149,18.5633846,73.8332065,509.4,14.273563218390803,87,32.41379310344828,179.0,1.0,178.0,1
1725101150,18.5633848,73.8332073,509.4,14.448837209302324,86,32.56976744186046,179.0,1.0,178.0,1
1725101151,18.5633848,73.8332071,509.4,14.836781609195402,87,32.632183908045974,179.0,1.0,178.0,1
1725101152,18.5633847,73.8332066,509.4,15.068539325842696,89,32.58426966292135,179.0,1.0,178.0,1
1725101153,18.5633853,73.8332062,509.4,14.851685393258427,89,32.58426966292135,179.0,1.0,178.0,1
1725101154,18.5633851,73.8332058,509.4,14.53111111111111,90,32.67777777777778,179.0,1.0,178.0,1
1725101155,18.5633854,73.8332066,509.4,14.536666666666665,90,32.67777777777778,179.0,1.0,178.0,1
1725101156,18.5633851,73.8332067,509.4,14.395505617977529,89,33.640449438202246,179.0,1.0,178.0,1
1725101157,18.563385,73.8332067,509.4,14.45909090909091,88,33.64772727272727,179.0,1.0,179.0,1
1725101158,18.563385,73.8332067,509.4,14.613636363636363,88,33.64772727272727,179.0,1.0,179.0,1
1725101159,18.563385,73.8332067,509.4,14.273863636363636,88,33.64772727272727,179.0,1.0,179.0,1
1725101160,18.563385,73.8332067,509.4,14.693258426966292,89,33.640449438202246,179.0,1.0,179.0,1
1725101161,18.563385,73.8332067,509.4,13.105617977528091,89,34.30337078651685,179.0,1.0,179.0,1
1725101162,18.563385,73.8332067,509.4,13.568539325842696,89,34.95505617977528,179.0,1.0,178.0,1
1725101163,18.563385,73.8332067,509.4,13.844943820224719,89,34.95505617977528,179.0,1.0,179.0,1
1725101164,18.563385,73.8332067,509.4,14.266292134831462,89,34.95505617977528,179.0,1.0,179.0,1
1725101165,18.563385,73.8332067,509.4,14.267415730337078,89,34.752808988764045,179.0,1.0,179.0,1
1725101166,18.563385,73.8332067,509.4,14.53111111111111,90,34.67777777777778,179.0,1.0,179.0,1
1725101167,18.563385,73.8332067,509.4,14.071111111111112,90,34.67777777777778,179.0,1.0,179.0,1
1725101168,18.563385,73.8332067,509.4,14.28888888888889,90,34.67777777777778,179.0,1.0,179.0,1
1725101169,18.563385,73.8332067,509.4,14.334444444444443,90,34.67777777777778,179.0,1.0,179.0,1
1725101170,18.563385,73.8332067,509.4,14.628888888888888,90,34.67777777777778,179.0,1.0,179.0,1
1725101171,18.563385,73.8332067,509.4,14.582222222222223,90,34.43333333333333,179.0,1.0,178.0,1
1725101172,18.563385,73.8332067,509.4,14.596666666666668,90,34.0,179.0,1.0,179.0,1
1725101173,18.563385,73.8332067,509.4,14.685555555555556,90,34.0,179.0,1.0,179.0,1
1725101174,18.563385,73.8332067,509.4,14.65,90,33.67777777777778,179.0,1.0,178.0,1
1725101175,18.563385,73.8332067,509.4,14.707777777777778,90,33.67777777777778,179.0,1.0,178.0,1
1725101176,18.563385,73.8332067,509.4,14.677777777777777,90,33.666666666666664,179.0,1.0,178.0,1
1725101177,18.563385,73.8332067,509.4,14.557777777777778,90,33.67777777777778,179.0,1.0,178.0,1
1725101178,18.563385,73.8332067,509.4,14.597777777777777,90,33.68888888888889,179.0,1.0,178.0,1
1725101179,18.563385,73.8332067,509.4,14.645054945054946,91,33.59340659340659,179.0,1.0,178.0,1
1725101180,18.563385,73.8332067,509.4,15.569230769230769,91,33.59340659340659,179.0,1.0,178.0,1
1725101181,18.563385,73.8332067,509.4,15.603296703296705,91,33.2967032967033,179.0,1.0,178.0,1
1725101182,18.563385,73.8332067,509.4,15.869565217391305,92,32.93478260869565,179.0,1.0,178.0,1
1725101183,18.563385,73.8332067,509.4,16.04021739130435,92,32.93478260869565,179.0,1.0,178.0,1
1725101184,18.563385,73.8332067,509.4,16.25161290322581,93,32.516129032258064,179.0,1.0,178.0,1
1725101185,18.563385,73.8332067,509.4,16.261290322580646,93,32.516129032258064,179.0,1.0,178.0,1
1725101186,18.563385,73.8332066667,509.4,16.123655913978496,93,32.516129032258064,179.0,1.0,178.0,1
1725101187,18.563385,73.8332067,509.4,16.158064516129034,93,32.516129032258064,179.0,1.0,178.0,1
1725101188,18.563385,73.8332067,509.4,16.174193548387098,93,32.516129032258064,179.0,1.0,178.0,1
1725101189,18.563385,73.8332067,509.4,16.092473118279568,93,32.516129032258064,179.0,1.0,178.0,1
1725101190,18.563385,73.8332067,509.4,16.055913978494623,93,32.39784946236559,179.0,1.0,178.0,1
1725101191,18.563385,73.8332067,509.4,15.517204301075267,93,32.39784946236559,179.0,1.0,178.0,1
1725101192,18.563385,73.8332066667,509.4,15.53225806451613,93,32.39784946236559,179.0,1.0,178.0,1
1725101193,18.563385,73.8332067,509.4,15.69247311827957,93,32.39784946236559,179.0,1.0,178.0,1
1725101194,18.563385,73.8332067,509.4,15.708602150537635,93,32.39784946236559,179.0,1.0,178.0,1
1725101195,18.563385,73.8332067,509.4,15.721505376344085,93,32.39784946236559,179.0,1.0,178.0,1
1725101196,18.563385,73.8332066667,509.4,15.681720430107529,93,32.39784946236559,179.0,1.0,178.0,1
1725101197,18.563385,73.8332067,509.4,15.750537634408602,93,32.39784946236559,179.0,1.0,178.0,1
1725101198,18.563385,73.8332067,509.4,15.85268817204301,93,32.40860215053763,179.0,1.0,178.0,1
1725101199,18.563385,73.8332067,509.4,15.889247311827958,93,32.39784946236559,179.0,1.0,178.0,1
1725101200,18.563385,73.8332067,509.4,15.894623655913978,93,32.39784946236559,179.0,1.0,178.0,1
1725101201,18.563385,73.8332067,509.4,15.897849462365592,93,32.39784946236559,179.0,1.0,178.0,1
1725101202,18.563385,73.8332067,509.4,15.798924731182796,93,32.39784946236559,179.0,1.0,178.0,1
1725101203,18.563385,73.8332067,509.4,15.776344086021506,93,32.39784946236559,179.0,1.0,178.0,1
1725101204,18.563385,73.8332067,509.4,15.83763440860215,93,32.39784946236559,179.0,1.0,178.0,1
1725101205,18.563385,73.8332067,509.4,15.912903225806453,93,32.39784946236559,179.0,1.0,178.0,1
1725101206,18.563385,73.8332067,509.4,15.870967741935484,93,32.38709677419355,179.0,1.0,178.0,1
1725101207,18.563385,73.8332067,509.4,15.77741935483871,93,33.096774193548384,179.0,1.0,178.0,1
1725101208,18.563385,73.8332067,509.4,15.634408602150538,93,33.096774193548384,179.0,1.0,178.0,1
1725101209,18.563385,73.8332067,509.4,15.889247311827958,93,33.075268817204304,179.0,1.0,178.0,1
1725101210,18.563385,73.8332067,509.4,15.794623655913979,93,34.333333333333336,179.0,1.0,178.0,1
1725101211,18.563385,73.8332067,509.4,16.043010752688172,93,34.333333333333336,179.0,1.0,178.0,1
1725101212,18.563385,73.8332067,509.4,16.025806451612905,93,34.354838709677416,179.0,1.0,178.0,1
1725101213,18.563385,73.8332067,509.4,15.983870967741936,93,34.376344086021504,179.0,1.0,178.0,1
1725101214,18.563385,73.8332067,509.4,16.03548387096774,93,34.354838709677416,179.0,1.0,178.0,1
1725101215,18.563385,73.8332067,509.4,16.07204301075269,93,34.354838709677416,179.0,1.0,178.0,1
1725101216,18.563385,73.8332067,509.4,16.021505376344088,93,34.354838709677416,179.0,1.0,178.0,1
1725101217,18.563385,73.8332067,509.4,15.919354838709678,93,34.16129032258065,179.0,1.0,178.0,1
1725101218,18.563385,73.8332066667,509.4,16.092473118279568,93,34.16129032258065,179.0,1.0,178.0,1
1725101219,18.563385,73.8332067,509.4,15.656989247311827,93,33.505376344086024,179.0,1.0,178.0,1
1725101220,18.563385,73.8332067,509.4,15.746236559139787,93,33.505376344086024,179.0,1.0,178.0,1
1725101221,18.563385,73.8332067,509.4,15.709677419354838,93,33.526881720430104,179.0,1.0,178.0,1
1725101222,18.563385,73.8332067,509.4,15.894623655913978,93,33.516129032258064,179.0,1.0,178.0,1
1725101223,18.563385,73.8332067,509.4,16.00215053763441,93,33.516129032258064,179.0,1.0,178.0,1
1725101224,18.563385,73.8332067,509.4,16.107526881720432,93,33.516129032258064,179.0,1.0,178.0,1
1725101225,18.563385,73.8332067,509.4,15.905376344086022,93,33.516129032258064,179.0,1.0,178.0,1
1725101226,18.563385,73.8332067,509.4,15.95483870967742,93,33.204301075268816,179.0,1.0,178.0,1
1725101227,18.563385,73.8332067,509.4,16.040860215053762,93,33.18279569892473,179.0,1.0,178.0,1
1725101228,18.563385,73.8332067,509.4,15.975268817204302,93,32.89247311827957,179.0,1.0,178.0,1
1725101229,18.563385,73.8332067,509.4,16.2247311827957,93,32.89247311827957,179.0,1.0,178.0,1
1725101230,18.563385,73.8332067,509.4,16.28709677419355,93,32.913978494623656,179.0,1.0,178.0,1
1725101231,18.563385,73.8332067,509.4,16.07741935483871,93,32.903225806451616,179.0,1.0,178.0,1
1725101232,18.563385,73.8332067,509.4,16.091397849462364,93,32.903225806451616,179.0,1.0,178.0,1
1725101233,18.563385,73.8332067,509.4,16.13225806451613,93,32.903225806451616,179.0,1.0,178.0,1
1725101234,18.563385,73.8332067,509.4,16.09891304347826,92,33.119565217391305,179.0,1.0,178.0,1
1725101235,18.563385,73.8332067,509.4,16.354347826086954,92,33.55434782608695,179.0,1.0,178.0,1
1725101236,18.563385,73.8332067,509.4,16.4247311827957,93,33.333333333333336,179.0,1.0,178.0,1
1725101237,18.563385,73.8332066667,509.4,16.206451612903226,93,33.645161290322584,179.0,1.0,178.0,1
1725101238,18.563385,73.8332067,509.4,16.231182795698924,93,33.645161290322584,179.0,1.0,178.0,1
1725101239,18.563385,73.8332067,509.4,16.155913978494624,93,33.645161290322584,179.0,1.0,178.0,1
1725101240,18.563385,73.8332067,509.4,16.211827956989247,93,33.645161290322584,179.0,1.0,178.0,1
1725101241,18.563385,73.8332067,509.4,16.210752688172043,93,33.645161290322584,179.0,1.0,178.0,1
1725101242,18.563385,73.8332067,509.4,16.0752688172043,93,33.645161290322584,179.0,1.0,178.0,1
1725101243,18.563385,73.8332067,509.4,16.029032258064518,93,33.645161290322584,179.0,1.0,178.0,1
1725101244,18.563385,73.8332067,509.4,16.010752688172044,93,33.40860215053763,179.0,1.0,178.0,1
1725101245,18.563385,73.8332067,509.4,16.134408602150536,93,33.41935483870968,179.0,1.0,178.0,1
1725101246,18.563385,73.8332067,509.4,16.164516129032258,93,32.69892473118279,179.0,1.0,178.0,1
1725101247,18.563385,73.8332067,509.4,16.1247311827957,93,32.69892473118279,179.0,1.0,178.0,1
1725101248,18.563385,73.8332067,509.4,16.108602150537635,93,32.69892473118279,179.0,1.0,178.0,1
1725101249,18.563385,73.8332067,509.4,16.325806451612902,93,32.69892473118279,179.0,1.0,178.0,1
1725101250,18.563385,73.8332067,509.4,16.260215053763442,93,32.69892473118279,179.0,1.0,178.0,1
1725101251,18.563385,73.8332067,509.4,16.513978494623654,93,32.69892473118279,179.0,1.0,178.0,1
1725101252,18.563385,73.8332067,509.4,15.641935483870968,93,32.69892473118279,179.0,1.0,178.0,1
1725101253,18.563385,73.8332067,509.4,13.614285714285716,91,32.83516483516483,179.0,1.0,178.0,1
1725101254,18.563385,73.8332067,509.4,12.48111111111111,90,32.455555555555556,179.0,1.0,178.0,1
1725101255,18.563385,73.8332067,509.4,11.653333333333332,90,32.455555555555556,179.0,1.0,178.0,1
1725101256,18.563385,73.8332067,509.4,11.089887640449438,89,32.17977528089887,179.0,1.0,178.0,1
1725101257,18.563385,73.8332067,509.4,11.01123595505618,89,32.17977528089887,179.0,1.0,178.0,1
1725101258,18.563385,73.8332067,509.4,12.917977528089889,89,32.17977528089887,179.0,1.0,178.0,1
1725101259,18.563385,73.8332067,509.4,14.027777777777779,90,32.03333333333333,179.0,1.0,178.0,1
1725101260,18.563385,73.8332067,509.4,14.272527472527472,91,32.120879120879124,179.0,1.0,178.0,1
1725101261,18.563385,73.8332067,509.4,14.497802197802198,91,32.42857142857143,179.0,1.0,178.0,1
1725101262,18.563385,73.8332067,509.4,14.442857142857143,91,32.42857142857143,179.0,1.0,178.0,1
1725101263,18.563385,73.8332067,509.4,14.78131868131868,91,32.42857142857143,179.0,1.0,178.0,1
1725101264,18.563385,73.8332067,509.4,15.18913043478261,92,32.09782608695652,179.0,1.0,178.0,1
1725101265,18.563385,73.8332067,509.4,15.531182795698927,93,31.892473118279568,179.0,1.0,178.0,1
1725101266,18.563385,73.8332067,509.4,15.776344086021506,93,31.892473118279568,179.0,1.0,178.0,1
1725101267,18.563385,73.8332067,509.4,16.016129032258064,93,31.881720430107528,179.0,1.0,178.0,1
1725101268,18.563385,73.8332067,509.4,16.037634408602152,93,32.634408602150536,179.0,1.0,178.0,1
1725101269,18.563385,73.8332067,509.4,15.99247311827957,93,32.645161290322584,179.0,1.0,178.0,1
1725101270,18.563385,73.8332067,509.4,16.052688172043013,93,33.27956989247312,179.0,1.0,178.0,1
1725101271,18.563385,73.8332067,509.4,15.905376344086022,93,33.27956989247312,179.0,1.0,178.0,1
1725101272,18.563385,73.8332067,509.4,15.983870967741936,93,33.27956989247312,179.0,1.0,178.0,1
1725101273,18.563385,73.8332067,509.4,15.847872340425532,94,32.93617021276596,179.0,1.0,178.0,1
1725101274,18.563385,73.8332067,509.4,15.673404255319149,94,32.93617021276596,179.0,1.0,178.0,1
1725101275,18.563385,73.8332067,509.4,15.763829787234043,94,33.51063829787234,179.0,1.0,178.0,1
1725101276,18.563385,73.8332067,509.4,15.708510638297872,94,33.51063829787234,179.0,1.0,178.0,1
1725101277,18.563385,73.8332067,509.4,15.822340425531914,94,33.51063829787234,179.0,1.0,178.0,1
1725101278,18.563385,73.8332067,509.4,15.855319148936172,94,33.319148936170215,179.0,1.0,178.0,1
1725101279,18.563385,73.8332067,509.4,15.658510638297873,94,33.08510638297872,179.0,1.0,178.0,1
1725101280,18.563385,73.8332067,509.4,15.620212765957445,94,33.08510638297872,179.0,1.0,178.0,1
1725101281,18.563385,73.8332067,509.4,15.702127659574469,94,33.09574468085106,179.0,1.0,178.0,1
1725101282,18.563385,73.8332067,509.4,15.697872340425532,94,33.09574468085106,179.0,1.0,178.0,1
1725101283,18.563385,73.8332067,509.4,15.680851063829786,94,33.09574468085106,179.0,1.0,178.0,1
1725101284,18.563385,73.8332067,509.4,15.679787234042553,94,32.680851063829785,179.0,1.0,178.0,1
1725101285,18.563385,73.8332067,509.4,15.675531914893616,94,32.680851063829785,179.0,1.0,178.0,1
1725101286,18.563385,73.8332067,509.4,15.78936170212766,94,32.680851063829785,179.0,1.0,178.0,1
1725101287,18.563385,73.8332066667,509.4,15.73404255319149,94,32.37234042553192,179.0,1.0,178.0,1
1725101288,18.563385,73.8332067,509.4,15.772340425531914,94,32.37234042553192,179.0,1.0,178.0,1
1725101289,18.563385,73.8332067,509.4,16.125531914893617,94,32.09574468085106,179.0,1.0,178.0,1
1725101290,18.563385,73.8332067,509.4,16.131914893617022,94,32.09574468085106,179.0,1.0,178.0,1
1725101291,18.563385,73.8332067,509.4,16.195744680851064,94,32.09574468085106,179.0,1.0,178.0,1
1725101292,18.563385,73.8332067,509.4,16.23191489361702,94,32.1063829787234,179.0,1.0,178.0,1
1725101293,18.563385,73.8332067,509.4,16.310526315789474,95,31.694736842105264,179.0,1.0,178.0,1
1725101294,18.563385,73.8332067,509.4,16.262105263157896,95,31.694736842105264,179.0,1.0,178.0,1
1725101295,18.563385,73.8332067,509.4,16.26105263157895,95,31.694736842105264,179.0,1.0,178.0,1
1725101296,18.563385,73.8332067,509.4,16.185263157894735,95,31.48421052631579,179.0,1.0,178.0,1
1725101297,18.563385,73.8332067,509.4,16.04736842105263,95,31.48421052631579,179.0,1.0,178.0,1
1725101298,18.563385,73.8332067,509.4,16.35578947368421,95,31.36842105263158,179.0,1.0,178.0,1
1725101299,18.563385,73.8332067,509.4,16.202105263157897,95,31.389473684210525,179.0,1.0,178.0,1
1725101300,18.563385,73.8332067,509.4,16.217894736842105,95,31.389473684210525,179.0,1.0,178.0,1
1725101301,18.563385,73.8332067,509.4,16.148421052631576,95,31.389473684210525,179.0,1.0,178.0,1
1725101302,18.563385,73.8332067,509.4,16.105263157894736,95,31.389473684210525,179.0,1.0,178.0,1
1725101303,18.563385,73.8332067,509.4,15.93157894736842,95,31.389473684210525,179.0,1.0,178.0,1
1725101304,18.563385,73.8332067,509.4,15.92736842105263,95,31.389473684210525,179.0,1.0,178.0,1
1725101305,18.563385,73.8332067,509.4,16.057894736842105,95,31.389473684210525,179.0,1.0,178.0,1
1725101306,18.563385,73.8332067,509.4,16.073684210526316,95,31.389473684210525,179.0,1.0,178.0,1
1725101307,18.563385,73.8332067,509.4,16.210526315789473,95,31.389473684210525,179.0,1.0,178.0,1
1725101308,18.563385,73.8332067,509.4,16.08736842105263,95,31.389473684210525,179.0,1.0,178.0,1
1725101309,18.563385,73.8332067,509.4,16.17684210526316,95,31.389473684210525,179.0,1.0,178.0,1
1725101310,18.563385,73.8332067,509.4,16.097894736842104,95,31.389473684210525,179.0,1.0,178.0,1
1725101311,18.563385,73.8332067,509.4,15.989473684210527,95,31.389473684210525,179.0,1.0,178.0,1
1725101312,18.563385,73.8332067,509.4,16.02842105263158,95,31.389473684210525,179.0,1.0,178.0,1
1725101313,18.563385,73.8332067,509.4,16.142105263157895,95,31.389473684210525,179.0,1.0,178.0,1
1725101314,18.563385,73.8332067,509.4,16.25578947368421,95,31.389473684210525,179.0,1.0,178.0,1
1725101315,18.563385,73.8332067,509.4,15.94,95,31.4,179.0,1.0,178.0,1
1725101316,18.563385,73.8332067,509.4,15.874736842105262,95,31.378947368421052,179.0,1.0,178.0,1
1725101317,18.563385,73.8332067,509.4,16.02,95,32.694736842105264,179.0,1.0,178.0,1
1725101318,18.563385,73.8332067,509.4,15.751578947368422,95,32.694736842105264,179.0,1.0,178.0,1
1725101319,18.563385,73.8332067,509.4,15.613684210526316,95,32.694736842105264,179.0,1.0,178.0,1
1725101320,18.563385,73.8332067,509.4,15.868421052631579,95,33.305263157894736,179.0,1.0,178.0,1
1725101321,18.563385,73.8332067,509.4,16.023157894736844,95,33.305263157894736,179.0,1.0,178.0,1
1725101322,18.563385,73.8332067,509.4,15.94315789473684,95,33.305263157894736,179.0,1.0,178.0,1
1725101323,18.563385,73.8332067,509.4,15.864210526315789,95,33.305263157894736,179.0,1.0,178.0,1
1725101324,18.563385,73.8332067,509.4,15.868421052631579,95,33.305263157894736,179.0,1.0,178.0,1
1725101325,18.563385,73.8332067,509.4,15.84,95,33.305263157894736,179.0,1.0,178.0,1
1725101326,18.563385,73.8332067,509.4,15.954736842105264,95,32.88421052631579,179.0,1.0,178.0,1
1725101327,18.563385,73.8332067,509.4,15.967368421052633,95,32.88421052631579,179.0,1.0,178.0,1
1725101328,18.563385,73.8332067,509.4,16.123157894736842,95,32.88421052631579,179.0,1.0,178.0,1
1725101329,18.563385,73.8332067,509.4,16.11157894736842,95,32.473684210526315,179.0,1.0,178.0,1
1725101330,18.563385,73.8332067,509.4,16.162105263157894,95,32.473684210526315,179.0,1.0,178.0,1
1725101331,18.563385,73.8332067,509.4,16.233684210526317,95,32.473684210526315,179.0,1.0,178.0,1
1725101332,18.563385,73.8332067,509.4,15.95578947368421,95,32.473684210526315,179.0,1.0,178.0,1
1725101333,18.563385,73.8332067,509.4,16.2,95,32.473684210526315,179.0,1.0,178.0,1
1725101334,18.563385,73.8332067,509.4,16.14421052631579,95,32.473684210526315,179.0,1.0,178.0,1
1725101335,18.563385,73.8332067,509.4,16.26421052631579,95,31.905263157894737,179.0,1.0,178.0,1
1725101336,18.563385,73.8332067,509.4,16.28421052631579,95,31.905263157894737,179.0,1.0,178.0,1
1725101337,18.563385,73.8332067,509.4,16.268421052631577,95,31.894736842105264,179.0,1.0,178.0,1
1725101338,18.563385,73.8332067,509.4,16.091578947368422,95,32.38947368421053,179.0,1.0,178.0,1
1725101339,18.563385,73.8332067,509.4,15.821052631578947,95,32.38947368421053,179.0,1.0,178.0,1
1725101340,18.563385,73.8332067,509.4,15.853684210526314,95,32.38947368421053,179.0,1.0,178.0,1
1725101341,18.563385,73.8332067,509.4,16.009473684210526,95,32.38947368421053,179.0,1.0,178.0,1
1725101342,18.563385,73.8332067,509.4,16.04421052631579,95,32.4,179.0,1.0,178.0,1
1725101343,18.563385,73.8332067,509.4,16.13157894736842,95,32.410526315789475,179.0,1.0,178.0,1
1725101344,18.563385,73.8332067,509.4,16.03684210526316,95,33.32631578947368,179.0,1.0,178.0,1
1725101345,18.563385,73.8332067,509.4,16.00526315789474,95,33.32631578947368,179.0,1.0,178.0,1
1725101346,18.563385,73.8332067,509.4,15.992631578947368,95,33.32631578947368,179.0,1.0,178.0,1
1725101347,18.563385,73.8332067,509.4,16.066315789473684,95,33.136842105263156,179.0,1.0,178.0,1
1725101348,18.563385,73.8332067,509.4,16.06736842105263,95,33.136842105263156,179.0,1.0,178.0,1
1725101349,18.563385,73.8332067,509.4,16.098947368421054,95,33.136842105263156,179.0,1.0,178.0,1
1725101350,18.563385,73.8332067,509.4,15.94,95,33.136842105263156,179.0,1.0,178.0,1
1725101351,18.563385,73.8332067,509.4,15.864210526315789,95,33.136842105263156,179.0,1.0,178.0,1
1725101352,18.563385,73.8332067,509.4,15.977894736842106,95,33.126315789473686,179.0,1.0,178.0,1
1725101353,18.563385,73.8332067,509.4,15.941052631578948,95,33.14736842105263,179.0,1.0,178.0,1
1725101354,18.563385,73.8332067,509.4,15.859375,96,32.270833333333336,179.0,1.0,178.0,1
1725101355,18.563385,73.8332067,509.4,15.887500000000001,96,32.270833333333336,179.0,1.0,178.0,1
1725101356,18.563385,73.8332067,509.4,16.00421052631579,95,32.21052631578947,179.0,1.0,178.0,1
1725101357,18.563385,73.8332067,509.4,15.886315789473684,95,32.2,179.0,1.0,178.0,1
1725101358,18.563385,73.8332067,509.4,15.748958333333334,96,31.958333333333332,179.0,1.0,178.0,1
1725101359,18.563385,73.8332067,509.4,15.845833333333333,96,31.958333333333332,179.0,1.0,178.0,1
1725101360,18.563385,73.8332067,509.4,15.772916666666667,96,31.958333333333332,179.0,1.0,178.0,1
1725101361,18.563385,73.8332067,509.4,15.852083333333333,96,31.958333333333332,179.0,1.0,178.0,1
1725101362,18.563385,73.8332067,509.4,15.84375,96,31.958333333333332,179.0,1.0,178.0,1
1725101363,18.563385,73.8332067,509.4,15.679166666666667,96,31.489583333333332,179.0,1.0,178.0,1
1725101364,18.563385,73.8332067,509.4,15.660416666666668,96,31.479166666666668,179.0,1.0,178.0,1
1725101365,18.563385,73.8332067,509.4,15.611458333333333,96,31.28125,179.0,1.0,178.0,1
1725101366,18.563385,73.8332067,509.4,15.586458333333333,96,31.28125,179.0,1.0,178.0,1
1725101367,18.563385,73.8332067,509.4,15.68125,96,31.28125,179.0,1.0,178.0,1
1725101368,18.563385,73.8332067,509.4,15.653125000000001,96,31.28125,179.0,1.0,178.0,1
1725101369,18.563385,73.8332067,509.4,15.878124999999999,96,31.28125,179.0,1.0,178.0,1
1725101370,18.563385,73.8332067,509.4,16.053684210526313,95,31.51578947368421,179.0,1.0,178.0,1
1725101371,18.563385,73.8332067,509.4,16.109473684210528,95,31.526315789473685,179.0,1.0,178.0,1
1725101372,18.563385,73.8332067,509.4,16.007368421052632,95,31.4,179.0,1.0,178.0,1
1725101373,18.563385,73.8332067,509.4,16.033684210526317,95,31.389473684210525,179.0,1.0,178.0,1
1725101374,18.563385,73.8332067,509.4,16.074736842105263,95,31.389473684210525,179.0,1.0,178.0,1
1725101375,18.563385,73.8332067,509.4,16.12842105263158,95,31.389473684210525,179.0,1.0,178.0,1
1725101376,18.563385,73.8332067,509.4,16.051578947368423,95,31.389473684210525,179.0,1.0,178.0,1
1725101377,18.563385,73.8332067,509.4,16.077894736842108,95,32.084210526315786,179.0,1.0,178.0,1
1725101378,18.563385,73.8332067,509.4,16.101052631578945,95,32.09473684210526,179.0,1.0,178.0,1
1725101379,18.563385,73.8332067,509.4,15.918947368421053,95,32.71578947368421,179.0,1.0,178.0,1
1725101380,18.563385,73.8332067,509.4,15.976842105263158,95,32.705263157894734,179.0,1.0,178.0,1
1725101381,18.563385,73.8332067,509.4,16.02,95,32.705263157894734,179.0,1.0,178.0,1
1725101382,18.563385,73.8332067,509.4,16.09263157894737,95,33.31578947368421,179.0,1.0,178.0,1
1725101383,18.563385,73.8332067,509.4,16.12421052631579,95,33.31578947368421,179.0,1.0,178.0,1
1725101384,18.563385,73.8332067,509.4,15.951578947368422,95,33.31578947368421,179.0,1.0,178.0,1
1725101385,18.563385,73.8332067,509.4,15.952631578947368,95,33.31578947368421,179.0,1.0,178.0,1
1725101386,18.563385,73.8332067,509.4,16.018947368421053,95,33.126315789473686,179.0,1.0,178.0,1
1725101387,18.563385,73.8332067,509.4,15.982105263157894,95,33.126315789473686,179.0,1.0,178.0,1
1725101388,18.563385,73.8332067,509.4,16.01157894736842,95,33.16842105263158,179.0,1.0,178.0,1
1725101389,18.563385,73.8332067,509.4,16.022105263157894,95,32.95789473684211,179.0,1.0,178.0,1
1725101390,18.563385,73.8332067,509.4,16.289473684210527,95,32.93684210526316,179.0,1.0,178.0,1
1725101391,18.563385,73.8332067,509.4,16.283157894736842,95,32.526315789473685,179.0,1.0,178.0,1
1725101392,18.563385,73.8332067,509.4,16.121052631578948,95,32.526315789473685,179.0,1.0,178.0,1
1725101393,18.563385,73.8332067,509.4,16.098947368421054,95,32.526315789473685,179.0,1.0,178.0,1
1725101394,18.563385,73.8332067,509.4,16.175789473684212,95,32.526315789473685,179.0,1.0,178.0,1
1725101395,18.563385,73.8332067,509.4,16.057894736842105,95,32.23157894736842,179.0,1.0,178.0,1
1725101396,18.563385,73.8332067,509.4,16.123157894736842,95,32.23157894736842,179.0,1.0,178.0,1
1725101397,18.563385,73.8332067,509.4,16.15684210526316,95,32.252631578947366,179.0,1.0,178.0,1
1725101398,18.563385,73.8332067,509.4,16.282105263157895,95,31.978947368421053,179.0,1.0,178.0,1
1725101399,18.563385,73.8332067,509.4,16.25578947368421,95,31.978947368421053,179.0,1.0,178.0,1
1725101400,18.563385,73.8332067,509.4,16.20842105263158,95,31.778947368421054,179.0,1.0,178.0,1
1725101401,18.5634089,73.8331856,508.9,16.182105263157894,95,31.778947368421054,179.0,1.0,178.0,1
1725101402,18.5634126,73.8331809,508.9,16.137894736842103,95,31.757894736842104,179.0,1.0,178.0,1
1725101403,18.5634146,73.8331787,509.19999999999993,16.230526315789476,95,31.757894736842104,179.0,1.0,178.0,1
1725101404,18.5634149,73.8331798,509.19999999999993,16.189473684210526,95,31.778947368421054,179.0,1.0,178.0,1
1725101405,18.563415,73.83318,509.19999999999993,16.210526315789473,95,31.57894736842105,179.0,1.0,178.0,1
1725101406,18.563415,73.83318,509.19999999999993,16.27263157894737,95,31.57894736842105,179.0,1.0,178.0,1
1725101407,18.563415,73.83318,509.19999999999993,16.301052631578948,95,31.46315789473684,179.0,1.0,178.0,1
1725101408,18.563415,73.83318,509.19999999999993,16.353684210526314,95,31.46315789473684,179.0,1.0,178.0,1
1725101409,18.563415,73.83318,509.19999999999993,16.38842105263158,95,31.46315789473684,179.0,1.0,178.0,1
1725101410,18.563415,73.83318,509.19999999999993,16.413684210526316,95,31.46315789473684,179.0,1.0,178.0,1
1725101411,18.563415,73.83318,509.19999999999993,16.403157894736843,95,31.46315789473684,179.0,1.0,178.0,1
1725101412,18.563415,73.83318,509.19999999999993,16.402105263157896,95,31.46315789473684,179.0,1.0,178.0,1
1725101413,18.563415,73.83318,509.19999999999993,16.349473684210526,95,31.46315789473684,179.0,1.0,178.0,1
1725101414,18.563415,73.83318,509.19999999999993,16.277894736842107,95,31.46315789473684,179.0,1.0,178.0,1
1725101415,18.563415,73.83318,509.19999999999993,16.21157894736842,95,31.46315789473684,179.0,1.0,178.0,1
1725101416,18.563415,73.83318,509.19999999999993,16.21578947368421,95,31.46315789473684,179.0,1.0,178.0,1
1725101417,18.563415,73.83318,509.19999999999993,16.243157894736843,95,31.46315789473684,179.0,1.0,178.0,1
1725101418,18.563415,73.83318,509.19999999999993,16.194736842105264,95,31.46315789473684,179.0,1.0,178.0,1
1725101419,18.563415,73.83318,509.19999999999993,16.23578947368421,95,31.46315789473684,179.0,1.0,178.0,1
1725101420,18.563415,73.83318,509.19999999999993,16.29684210526316,95,31.46315789473684,179.0,1.0,178.0,1
1725101421,18.563415,73.83318,509.19999999999993,16.150526315789474,95,31.473684210526315,179.0,1.0,178.0,1
1725101422,18.563415,73.83318,509.19999999999993,16.109473684210528,95,31.48421052631579,179.0,1.0,178.0,1
1725101423,18.563415,73.83318,509.19999999999993,16.236458333333335,96,31.25,179.0,1.0,178.0,1
1725101424,18.563415,73.83318,509.19999999999993,16.078125,96,31.25,179.0,1.0,178.0,1
1725101425,18.563415,73.83318,509.19999999999993,16.245833333333334,96,32.552083333333336,179.0,1.0,178.0,1
1725101426,18.563415,73.83318,509.19999999999993,16.181250000000002,96,32.552083333333336,179.0,1.0,178.0,1
1725101427,18.563415,73.83318,509.19999999999993,16.181250000000002,96,32.552083333333336,179.0,1.0,178.0,1
1725101428,18.563415,73.83318,509.19999999999993,16.164583333333333,96,32.552083333333336,179.0,1.0,178.0,1
1725101429,18.563415,73.83318,509.19999999999993,16.201041666666665,96,32.552083333333336,179.0,1.0,178.0,1
1725101430,18.563415,73.83318,509.19999999999993,16.25,96,33.15625,179.0,1.0,178.0,1
1725101431,18.563415,73.83318,509.19999999999993,16.184375,96,33.15625,179.0,1.0,178.0,1
1725101432,18.563415,73.83318,509.19999999999993,16.214583333333334,96,33.15625,179.0,1.0,178.0,1
1725101433,18.563415,73.83318,509.19999999999993,16.1875,96,33.15625,179.0,1.0,178.0,1
1725101434,18.563415,73.83318,509.19999999999993,16.319791666666667,96,32.739583333333336,179.0,1.0,178.0,1
1725101435,18.563415,73.83318,509.19999999999993,16.154166666666665,96,32.739583333333336,179.0,1.0,178.0,1
1725101436,18.563415,73.83318,509.19999999999993,16.079166666666666,96,32.739583333333336,179.0,1.0,178.0,1
1725101437,18.563415,73.83318,509.19999999999993,16.0125,96,32.739583333333336,179.0,1.0,178.0,1
1725101438,18.563415,73.83318,509.19999999999993,16.161458333333332,96,32.739583333333336,179.0,1.0,178.0,1
1725101439,18.563415,73.83318,509.19999999999993,16.005208333333332,96,32.333333333333336,179.0,1.0,178.0,1
1725101440,18.563415,73.83318,509.19999999999993,16.259375000000002,96,32.333333333333336,179.0,1.0,178.0,1
1725101441,18.563415,73.83318,509.19999999999993,16.180208333333333,96,32.333333333333336,179.0,1.0,178.0,1
1725101442,18.563415,73.83318,509.19999999999993,16.309375,96,32.333333333333336,179.0,1.0,178.0,1
1725101443,18.563415,73.83318,509.19999999999993,16.325,96,31.75,179.0,1.0,178.0,1
1725101444,18.563415,73.83318,509.19999999999993,16.229166666666668,96,31.770833333333332,179.0,1.0,178.0,1
1725101445,18.563415,73.83318,509.19999999999993,16.267708333333335,96,31.770833333333332,179.0,1.0,178.0,1
1725101446,18.563415,73.83318,509.19999999999993,16.230208333333334,96,31.770833333333332,179.0,1.0,178.0,1
1725101447,18.563415,73.83318,509.19999999999993,16.211458333333333,96,31.770833333333332,179.0,1.0,178.0,1
1725101448,18.563415,73.83318,509.19999999999993,16.167708333333334,96,32.260416666666664,179.0,1.0,178.0,1
1725101449,18.563415,73.83318,509.19999999999993,16.212500000000002,96,32.260416666666664,179.0,1.0,178.0,1
1725101450,18.563415,73.83318,509.19999999999993,16.131249999999998,96,32.260416666666664,179.0,1.0,178.0,1
1725101451,18.563415,73.83318,509.19999999999993,16.247916666666665,96,32.239583333333336,179.0,1.0,178.0,1
1725101452,18.563415,73.83318,509.19999999999993,16.2375,96,33.145833333333336,179.0,1.0,178.0,1
1725101453,18.563415,73.83318,509.19999999999993,16.227083333333333,96,33.145833333333336,179.0,1.0,178.0,1
1725101454,18.563415,73.83318,509.19999999999993,16.36494845360825,97,33.18556701030928,179.0,1.0,178.0,1
1725101455,18.563415,73.83318,509.19999999999993,16.29484536082474,97,33.18556701030928,179.0,1.0,178.0,1
1725101456,18.563415,73.83318,509.19999999999993,16.242268041237114,97,33.18556701030928,179.0,1.0,178.0,1
1725101457,18.563415,73.83318,509.19999999999993,16.269072164948454,97,33.02061855670103,179.0,1.0,178.0,1
1725101458,18.563415,73.83318,509.19999999999993,16.38556701030928,97,33.02061855670103,179.0,1.0,178.0,1
1725101459,18.563415,73.83318,509.19999999999993,16.456701030927835,97,33.02061855670103,179.0,1.0,178.0,1
1725101460,18.563415,73.83318,509.19999999999993,16.401030927835052,97,33.02061855670103,179.0,1.0,178.0,1
1725101461,18.563415,73.83318,509.19999999999993,16.426804123711342,97,32.391752577319586,179.0,1.0,178.0,1
1725101462,18.563415,73.83318,509.19999999999993,16.455670103092785,97,32.381443298969074,179.0,1.0,178.0,1
1725101463,18.563415,73.83318,509.19999999999993,16.47422680412371,97,32.381443298969074,179.0,1.0,178.0,1
1725101464,18.563415,73.83318,509.19999999999993,16.489690721649485,97,32.381443298969074,179.0,1.0,178.0,1
1725101465,18.563415,73.83318,509.19999999999993,16.684536082474228,97,32.381443298969074,179.0,1.0,178.0,1
1725101466,18.563415,73.83318,509.19999999999993,16.68144329896907,97,32.08247422680412,179.0,1.0,178.0,1
1725101467,18.563415,73.83318,509.19999999999993,16.628865979381445,97,32.08247422680412,179.0,1.0,178.0,1
1725101468,18.563415,73.83318,509.19999999999993,16.748958333333334,96,32.03125,179.0,1.0,178.0,1
1725101469,18.563415,73.83318,509.19999999999993,16.686458333333334,96,32.020833333333336,179.0,1.0,178.0,1
1725101470,18.563415,73.83318,509.19999999999993,16.623711340206185,97,31.608247422680414,179.0,1.0,178.0,1
1725101471,18.563415,73.83318,509.19999999999993,16.621649484536082,97,31.608247422680414,179.0,1.0,178.0,1
1725101472,18.563415,73.83318,509.19999999999993,16.61340206185567,97,31.5979381443299,179.0,1.0,178.0,1
1725101473,18.563415,73.83318,509.19999999999993,16.52577319587629,97,31.577319587628867,179.0,1.0,178.0,1
1725101474,18.563415,73.83318,509.19999999999993,16.6340206185567,97,31.577319587628867,179.0,1.0,178.0,1
1725101475,18.563415,73.83318,509.19999999999993,16.661855670103094,97,31.38144329896907,179.0,1.0,178.0,1
1725101476,18.563415,73.83318,509.19999999999993,16.496907216494847,97,31.38144329896907,179.0,1.0,178.0,1
1725101477,18.563415,73.83318,509.19999999999993,16.60103092783505,97,31.38144329896907,179.0,1.0,178.0,1
1725101478,18.563415,73.83318,509.19999999999993,16.302061855670104,97,31.38144329896907,179.0,1.0,178.0,1
1725101479,18.563415,73.83318,509.19999999999993,16.356701030927834,97,31.2680412371134,179.0,1.0,178.0,1
1725101480,18.563415,73.83318,509.19999999999993,16.34742268041237,97,31.2680412371134,179.0,1.0,178.0,1
1725101481,18.563415,73.83318,509.19999999999993,16.34536082474227,97,31.2680412371134,179.0,1.0,178.0,1
1725101482,18.563415,73.83318,509.19999999999993,16.395876288659796,97,31.2680412371134,179.0,1.0,178.0,1
1725101483,18.563415,73.83318,509.19999999999993,16.412371134020617,97,31.2680412371134,179.0,1.0,178.0,1
1725101484,18.563415,73.83318,509.19999999999993,16.68144329896907,97,31.288659793814432,179.0,1.0,178.0,1
1725101485,18.563415,73.83318,509.19999999999993,16.54123711340206,97,31.969072164948454,179.0,1.0,178.0,1
1725101486,18.563415,73.83318,509.19999999999993,16.31855670103093,97,31.969072164948454,179.0,1.0,178.0,1
1725101487,18.563415,73.83318,509.19999999999993,16.377319587628865,97,32.577319587628864,179.0,1.0,178.0,1
1725101488,18.563415,73.83318,509.19999999999993,16.484536082474225,97,33.175257731958766,179.0,1.0,178.0,1
1725101489,18.563415,73.83318,509.19999999999993,16.44639175257732,97,33.175257731958766,179.0,1.0,178.0,1
1725101490,18.563415,73.83318,509.19999999999993,16.45360824742268,97,33.154639175257735,179.0,1.0,178.0,1
1725101491,18.563415,73.83318,509.19999999999993,16.454639175257732,97,33.154639175257735,179.0,1.0,178.0,1
1725101492,18.563415,73.83318,509.19999999999993,16.438144329896907,97,33.134020618556704,179.0,1.0,178.0,1
1725101493,18.563415,73.83318,509.19999999999993,16.40721649484536,97,33.134020618556704,179.0,1.0,178.0,1
1725101494,18.563415,73.83318,509.19999999999993,16.421649484536083,97,32.94845360824742,179.0,1.0,178.0,1
1725101495,18.563415,73.83318,509.19999999999993,16.45360824742268,97,32.94845360824742,179.0,1.0,178.0,1
1725101496,18.563415,73.83318,509.19999999999993,16.4340206185567,97,32.72164948453608,179.0,1.0,178.0,1
1725101497,18.563415,73.83318,509.19999999999993,16.3659793814433,97,32.31958762886598,179.0,1.0,178.0,1
1725101498,18.563415,73.83318,509.19999999999993,16.356701030927834,97,32.31958762886598,179.0,1.0,178.0,1
1725101499,18.563415,73.83318,509.19999999999993,16.42474226804124,97,32.29896907216495,179.0,1.0,178.0,1
1725101500,18.563415,73.83318,509.19999999999993,16.40412371134021,97,32.29896907216495,179.0,1.0,178.0,1
1725101501,18.563415,73.83318,509.19999999999993,16.374226804123712,97,32.29896907216495,179.0,1.0,178.0,1
1725101502,18.563415,73.83318,509.19999999999993,16.412371134020617,97,32.29896907216495,179.0,1.0,178.0,1
1725101503,18.563415,73.83318,509.19999999999993,16.390721649484536,97,32.0,179.0,1.0,178.0,1
1725101504,18.563415,73.83318,509.19999999999993,16.390721649484536,97,32.0,179.0,1.0,178.0,1
1725101505,18.563415,73.83318,509.19999999999993,16.42886597938144,97,31.7319587628866,179.0,1.0,178.0,1
1725101506,18.563415,73.83318,509.19999999999993,16.338144329896906,97,31.536082474226806,179.0,1.0,178.0,1
1725101507,18.563415,73.83318,509.19999999999993,16.330927835051547,97,31.536082474226806,179.0,1.0,178.0,1
1725101508,18.563415,73.83318,509.19999999999993,16.37216494845361,97,31.536082474226806,179.0,1.0,178.0,1
1725101509,18.563415,73.83318,509.19999999999993,16.438144329896907,97,31.515463917525775,179.0,1.0,178.0,1
1725101510,18.563415,73.83318,509.19999999999993,16.464948453608248,97,31.515463917525775,179.0,1.0,178.0,1
1725101511,18.563415,73.83318,509.19999999999993,16.355670103092784,97,31.52577319587629,179.0,1.0,178.0,1
1725101512,18.563415,73.83318,509.19999999999993,16.470103092783503,97,31.329896907216494,179.0,1.0,178.0,1
1725101513,18.563415,73.83318,509.19999999999993,16.383505154639177,97,31.31958762886598,179.0,1.0,178.0,1
1725101514,18.563415,73.83318,509.19999999999993,16.47319587628866,97,31.20618556701031,179.0,1.0,178.0,1
1725101515,18.563415,73.83318,509.19999999999993,16.394845360824743,97,31.20618556701031,179.0,1.0,178.0,1
1725101516,18.563415,73.83318,509.19999999999993,16.351546391752578,97,31.20618556701031,179.0,1.0,178.0,1
1725101517,18.563415,73.83318,509.19999999999993,16.442268041237114,97,31.20618556701031,179.0,1.0,178.0,1
1725101518,18.563415,73.83318,509.19999999999993,16.369072164948452,97,31.20618556701031,179.0,1.0,178.0,1
1725101519,18.563415,73.83318,509.19999999999993,16.529896907216497,97,31.216494845360824,179.0,1.0,178.0,1
1725101520,18.563415,73.83318,509.19999999999993,16.49896907216495,97,31.216494845360824,179.0,1.0,178.0,1
1725101521,18.563415,73.83318,509.19999999999993,16.517525773195878,97,31.216494845360824,179.0,1.0,178.0,1
1725101522,18.563415,73.83318,509.19999999999993,16.5979381443299,97,31.216494845360824,179.0,1.0,178.0,1
1725101523,18.563415,73.83318,509.19999999999993,16.510309278350515,97,31.216494845360824,179.0,1.0,178.0,1
1725101524,18.563415,73.83318,509.19999999999993,16.350515463917525,97,31.216494845360824,179.0,1.0,178.0,1
1725101525,18.563415,73.83318,509.19999999999993,16.536082474226806,97,31.216494845360824,179.0,1.0,178.0,1
1725101526,18.563415,73.83318,509.19999999999993,16.5,97,31.216494845360824,179.0,1.0,178.0,1
1725101527,18.563415,73.83318,509.19999999999993,16.49484536082474,97,31.216494845360824,179.0,1.0,178.0,1
1725101528,18.563415,73.83318,509.19999999999993,16.52680412371134,97,31.195876288659793,179.0,1.0,178.0,1
1725101529,18.563415,73.83318,509.19999999999993,16.40721649484536,97,31.216494845360824,179.0,1.0,178.0,1
1725101530,18.563415,73.83318,509.19999999999993,16.29484536082474,97,31.917525773195877,179.0,1.0,178.0,1
1725101531,18.563415,73.83318,509.19999999999993,16.313402061855673,97,31.917525773195877,179.0,1.0,178.0,1
1725101532,18.563415,73.83318,509.19999999999993,16.336082474226803,97,31.917525773195877,179.0,1.0,178.0,1
1725101533,18.563415,73.83318,509.19999999999993,16.330927835051547,97,32.52577319587629,179.0,1.0,178.0,1
1725101534,18.563415,73.83318,509.19999999999993,16.060824742268043,97,32.52577319587629,179.0,1.0,178.0,1
1725101535,18.563415,73.83318,509.19999999999993,16.126804123711338,97,32.52577319587629,179.0,1.0,178.0,1
1725101536,18.563415,73.83318,509.19999999999993,16.32061855670103,97,33.123711340206185,179.0,1.0,178.0,1
1725101537,18.563415,73.83318,509.19999999999993,16.38041237113402,97,33.123711340206185,179.0,1.0,178.0,1
1725101538,18.563415,73.83318,509.19999999999993,16.464948453608248,97,33.123711340206185,179.0,1.0,178.0,1
1725101539,18.563415,73.83318,509.19999999999993,16.412371134020617,97,32.93814432989691,179.0,1.0,178.0,1
1725101540,18.563415,73.83318,509.19999999999993,16.355670103092784,97,32.92783505154639,179.0,1.0,178.0,1
1725101541,18.563415,73.83318,509.19999999999993,16.377319587628865,97,32.92783505154639,179.0,1.0,178.0,1
1725101542,18.563415,73.83318,509.19999999999993,16.263917525773195,97,32.70103092783505,179.0,1.0,178.0,1
1725101543,18.563415,73.83318,509.19999999999993,16.308247422680413,97,32.70103092783505,179.0,1.0,178.0,1
1725101544,18.563415,73.83318,509.19999999999993,16.25154639175258,97,32.70103092783505,179.0,1.0,178.0,1
1725101545,18.563415,73.83318,509.19999999999993,16.20515463917526,97,32.29896907216495,179.0,1.0,178.0,1
1725101546,18.563415,73.83318,509.19999999999993,16.148453608247422,97,32.28865979381443,179.0,1.0,178.0,1
1725101547,18.563415,73.83318,509.19999999999993,16.117525773195876,97,32.28865979381443,179.0,1.0,178.0,1
1725101548,18.563415,73.83318,509.19999999999993,16.177319587628865,97,31.989690721649485,179.0,1.0,178.0,1
1725101549,18.563415,73.83318,509.19999999999993,16.138144329896907,97,31.989690721649485,179.0,1.0,178.0,1
1725101550,18.563415,73.83318,509.19999999999993,16.15463917525773,97,32.0,179.0,1.0,178.0,1
1725101551,18.563415,73.83318,509.19999999999993,16.164948453608247,97,31.721649484536083,179.0,1.0,178.0,1
1725101552,18.563415,73.83318,509.19999999999993,16.22577319587629,97,31.721649484536083,179.0,1.0,178.0,1
1725101553,18.563415,73.83318,509.19999999999993,16.115463917525773,97,31.711340206185568,179.0,1.0,178.0,1
1725101554,18.563415,73.83318,509.19999999999993,16.238144329896905,97,32.20618556701031,179.0,1.0,178.0,1
1725101555,18.563415,73.83318,509.19999999999993,16.26701030927835,97,32.20618556701031,179.0,1.0,178.0,1
1725101556,18.563415,73.83318,509.19999999999993,16.203092783505156,97,32.20618556701031,179.0,1.0,178.0,1
1725101557,18.563415,73.83318,509.19999999999993,16.171134020618556,97,32.618556701030926,179.0,1.0,178.0,1
1725101558,18.563415,73.83318,509.19999999999993,16.195876288659793,97,32.608247422680414,179.0,1.0,178.0,1
1725101559,18.563415,73.83318,509.19999999999993,16.20618556701031,97,32.608247422680414,179.0,1.0,178.0,1
1725101560,18.563415,73.83318,509.19999999999993,16.147422680412372,97,33.09278350515464,179.0,1.0,178.0,1
1725101561,18.563415,73.83318,509.19999999999993,16.21340206185567,97,33.07216494845361,179.0,1.0,178.0,1
1725101562,18.563415,73.83318,509.19999999999993,16.144329896907216,97,33.07216494845361,179.0,1.0,178.0,1
1725101563,18.563415,73.83318,509.19999999999993,16.05360824742268,97,33.07216494845361,179.0,1.0,178.0,1
1725101564,18.563415,73.83318,509.19999999999993,16.08659793814433,97,32.90721649484536,179.0,1.0,178.0,1
1725101565,18.563415,73.83318,509.19999999999993,15.988659793814435,97,32.92783505154639,179.0,1.0,178.0,1
1725101566,18.563415,73.83318,509.19999999999993,16.07422680412371,97,32.68041237113402,179.0,1.0,178.0,1
1725101567,18.563415,73.83318,509.19999999999993,16.158762886597938,97,32.68041237113402,179.0,1.0,178.0,1
1725101568,18.563415,73.83318,509.19999999999993,16.15463917525773,97,32.68041237113402,179.0,1.0,178.0,1
1725101569,18.563415,73.83318,509.19999999999993,16.147422680412372,97,32.27835051546392,179.0,1.0,178.0,1
1725101570,18.563415,73.83318,509.19999999999993,16.17319587628866,97,32.27835051546392,179.0,1.0,178.0,1
1725101571,18.563415,73.83318,509.19999999999993,16.17216494845361,97,32.27835051546392,179.0,1.0,178.0,1
1725101572,18.563415,73.83318,509.19999999999993,16.184536082474228,97,32.27835051546392,179.0,1.0,178.0,1
1725101573,18.563415,73.83318,509.19999999999993,16.131958762886597,97,32.0,179.0,1.0,178.0,1
1725101574,18.563415,73.83318,509.19999999999993,16.309278350515463,97,32.0,179.0,1.0,178.0,1
1725101575,18.563415,73.83318,509.19999999999993,16.07422680412371,97,31.7319587628866,179.0,1.0,178.0,1
1725101576,18.563415,73.83318,509.19999999999993,16.184536082474228,97,31.7319587628866,179.0,1.0,178.0,1
1725101577,18.563415,73.83318,509.19999999999993,16.403092783505155,97,31.7319587628866,179.0,1.0,178.0,1
1725101578,18.563415,73.83318,509.19999999999993,16.203092783505156,97,31.536082474226806,179.0,1.0,178.0,1
1725101579,18.563415,73.83318,509.19999999999993,16.242268041237114,97,31.536082474226806,179.0,1.0,178.0,1
1725101580,18.563415,73.83318,509.19999999999993,16.11443298969072,97,31.536082474226806,179.0,1.0,178.0,1
1725101581,18.563415,73.83318,509.19999999999993,16.315625,96,31.770833333333332,179.0,1.0,178.0,1
1725101582,18.563415,73.83318,509.19999999999993,16.245833333333334,96,31.59375,179.0,1.0,178.0,1
1725101583,18.563415,73.83318,509.19999999999993,16.245833333333334,96,31.583333333333332,179.0,1.0,178.0,1
1725101584,18.563415,73.83318,509.19999999999993,16.003092783505153,97,31.22680412371134,179.0,1.0,178.0,1
1725101585,18.563415,73.83318,509.19999999999993,15.989690721649485,97,31.22680412371134,179.0,1.0,178.0,1
1725101586,18.563415,73.83318,509.19999999999993,16.12783505154639,97,31.22680412371134,179.0,1.0,178.0,1
1725101587,18.563415,73.83318,509.19999999999993,16.147422680412372,97,31.22680412371134,179.0,1.0,178.0,1
1725101588,18.563415,73.83318,509.19999999999993,15.938144329896907,97,31.22680412371134,179.0,1.0,178.0,1
1725101589,18.563415,73.83318,509.19999999999993,15.901030927835052,97,31.22680412371134,179.0,1.0,178.0,1
1725101590,18.563415,73.83318,509.19999999999993,15.904123711340207,97,31.22680412371134,179.0,1.0,178.0,1
1725101591,18.563415,73.83318,509.19999999999993,15.795876288659795,97,31.90721649484536,179.0,1.0,178.0,1
1725101592,18.563415,73.83318,509.19999999999993,15.921649484536083,97,31.90721649484536,179.0,1.0,178.0,1
1725101593,18.563415,73.83318,509.19999999999993,15.985567010309277,97,31.90721649484536,179.0,1.0,178.0,1
1725101594,18.563415,73.83318,509.19999999999993,15.938144329896907,97,31.90721649484536,179.0,1.0,178.0,1
1725101595,18.563415,73.83318,509.19999999999993,15.843298969072164,97,32.51546391752577,179.0,1.0,178.0,1
1725101596,18.563415,73.83318,509.19999999999993,15.991752577319588,97,32.51546391752577,179.0,1.0,178.0,1
1725101597,18.563415,73.83318,509.19999999999993,15.997938144329897,97,33.11340206185567,179.0,1.0,178.0,1
1725101598,18.563415,73.83318,509.19999999999993,16.067010309278352,97,33.11340206185567,179.0,1.0,178.0,1
1725101599,18.563415,73.83318,509.19999999999993,16.124742268041235,97,33.11340206185567,179.0,1.0,178.0,1
1725101600,18.563415,73.83318,509.19999999999993,15.983505154639175,97,32.92783505154639,179.0,1.0,178.0,1
1725101601,18.563415,73.83318,509.19999999999993,15.977319587628866,97,32.92783505154639,179.0,1.0,178.0,1
1725101602,18.563415,73.83318,509.19999999999993,15.964948453608246,97,32.92783505154639,179.0,1.0,178.0,1
1725101603,18.563415,73.83318,509.19999999999993,15.803092783505155,97,32.92783505154639,179.0,1.0,178.0,1
1725101604,18.563415,73.83318,509.19999999999993,15.745360824742267,97,32.70103092783505,179.0,1.0,178.0,1
1725101605,18.563415,73.83318,509.19999999999993,15.836082474226803,97,32.71134020618557,179.0,1.0,178.0,1
1725101606,18.563415,73.83318,509.19999999999993,15.762886597938145,97,32.30927835051546,179.0,1.0,178.0,1
1725101607,18.563415,73.83318,509.19999999999993,15.70103092783505,97,32.30927835051546,179.0,1.0,178.0,1
1725101608,18.563415,73.83318,509.19999999999993,15.737113402061855,97,32.30927835051546,179.0,1.0,178.0,1
1725101609,18.563415,73.83318,509.19999999999993,15.70103092783505,97,32.01030927835052,179.0,1.0,178.0,1
1725101610,18.563415,73.83318,509.19999999999993,15.38762886597938,97,32.01030927835052,179.0,1.0,178.0,1
1725101611,18.563415,73.83318,509.19999999999993,15.537113402061856,97,32.01030927835052,179.0,1.0,178.0,1
1725101612,18.563415,73.83318,509.19999999999993,15.601030927835051,97,32.01030927835052,179.0,1.0,178.0,1
1725101613,18.563415,73.83318,509.19999999999993,15.677083333333334,96,31.96875,179.0,1.0,178.0,1
1725101614,18.563415,73.83318,509.19999999999993,15.522916666666667,96,31.96875,179.0,1.0,178.0,1
1725101615,18.563415,73.83318,509.19999999999993,15.640625,96,31.770833333333332,179.0,1.0,178.0,1
1725101616,18.563415,73.83318,509.19999999999993,15.628124999999999,96,31.770833333333332,179.0,1.0,178.0,1
1725101617,18.563415,73.83318,509.19999999999993,15.606250000000001,96,31.770833333333332,179.0,1.0,178.0,1
1725101618,18.563415,73.83318,509.19999999999993,15.780208333333334,96,31.572916666666668,179.0,1.0,178.0,1
1725101619,18.563415,73.83318,509.19999999999993,15.739583333333334,96,31.572916666666668,179.0,1.0,178.0,1
1725101620,18.563415,73.83318,509.19999999999993,15.726041666666667,96,31.59375,179.0,1.0,178.0,1
1725101621,18.563415,73.83318,509.19999999999993,15.677083333333334,96,31.604166666666668,179.0,1.0,178.0,1
1725101622,18.563415,73.83318,509.19999999999993,15.451041666666667,96,31.489583333333332,179.0,1.0,178.0,1
1725101623,18.563415,73.83318,509.19999999999993,15.455208333333333,96,31.489583333333332,179.0,1.0,178.0,1
1725101624,18.563415,73.83318,509.19999999999993,15.488541666666668,96,31.489583333333332,179.0,1.0,178.0,1
1725101625,18.563415,73.83318,509.19999999999993,15.367708333333333,96,31.489583333333332,179.0,1.0,178.0,1
1725101626,18.563415,73.83318,509.19999999999993,15.65,96,31.489583333333332,179.0,1.0,178.0,1
1725101627,18.563415,73.83318,509.19999999999993,15.741666666666667,96,31.479166666666668,179.0,1.0,178.0,1
1725101628,18.563415,73.83318,509.19999999999993,15.74375,96,31.479166666666668,179.0,1.0,178.0,1
1725101629,18.563415,73.83318,509.19999999999993,15.815624999999999,96,31.479166666666668,179.0,1.0,178.0,1
1725101630,18.563415,73.83318,509.19999999999993,15.715625000000001,96,31.479166666666668,179.0,1.0,178.0,1
1725101631,18.563415,73.83318,509.19999999999993,15.728125,96,31.479166666666668,179.0,1.0,178.0,1
1725101632,18.563415,73.83318,509.19999999999993,15.950000000000001,96,31.229166666666668,179.0,1.0,178.0,1
1725101633,18.563415,73.83318,509.19999999999993,15.786458333333334,96,31.489583333333332,179.0,1.0,178.0,1
1725101634,18.563415,73.83318,509.19999999999993,15.905208333333334,96,31.489583333333332,179.0,1.0,178.0,1
1725101635,18.563415,73.83318,509.19999999999993,15.811458333333334,96,31.489583333333332,179.0,1.0,178.0,1
1725101636,18.563415,73.83318,509.19999999999993,15.795833333333334,96,31.489583333333332,179.0,1.0,178.0,1
1725101637,18.563415,73.83318,509.19999999999993,15.744791666666666,96,31.489583333333332,179.0,1.0,178.0,1
1725101638,18.563415,73.83318,509.19999999999993,15.759375,96,31.479166666666668,179.0,1.0,178.0,1
1725101639,18.563415,73.83318,509.19999999999993,15.796875,96,32.166666666666664,179.0,1.0,178.0,1
1725101640,18.563415,73.83318,509.19999999999993,15.902083333333332,96,32.78125,179.0,1.0,178.0,1
1725101641,18.563415,73.83318,509.19999999999993,15.991666666666667,96,32.78125,179.0,1.0,178.0,1
1725101642,18.563415,73.83318,509.19999999999993,15.908333333333333,96,32.78125,179.0,1.0,178.0,1
1725101643,18.563415,73.83318,509.19999999999993,16.007291666666667,96,32.78125,179.0,1.0,178.0,1
1725101644,18.563415,73.83318,509.19999999999993,15.917708333333332,96,33.385416666666664,179.0,1.0,178.0,1
1725101645,18.563415,73.83318,509.19999999999993,15.96875,96,33.375,179.0,1.0,178.0,1
1725101646,18.563415,73.83318,509.19999999999993,15.75625,96,33.375,179.0,1.0,178.0,1
1725101647,18.563415,73.83318,509.19999999999993,15.783333333333333,96,33.375,179.0,1.0,178.0,1
1725101648,18.563415,73.83318,509.19999999999993,15.825000000000001,96,33.177083333333336,179.0,1.0,178.0,1
1725101649,18.563415,73.83318,509.19999999999993,15.762500000000001,96,32.947916666666664,179.0,1.0,178.0,1
1725101650,18.563415,73.83318,509.19999999999993,15.761458333333332,96,32.947916666666664,179.0,1.0,178.0,1
1725101651,18.563415,73.83318,509.19999999999993,15.760416666666666,96,32.947916666666664,179.0,1.0,178.0,1
1725101652,18.563415,73.83318,509.19999999999993,15.80625,96,32.947916666666664,179.0,1.0,178.0,1
1725101653,18.563415,73.83318,509.19999999999993,15.703125,96,32.541666666666664,179.0,1.0,178.0,1
1725101654,18.563415,73.83318,509.19999999999993,15.811458333333334,96,32.541666666666664,179.0,1.0,178.0,1
1725101655,18.563415,73.83318,509.19999999999993,15.833333333333334,96,32.541666666666664,179.0,1.0,178.0,1
1725101656,18.563415,73.83318,509.19999999999993,15.697916666666666,96,32.541666666666664,179.0,1.0,178.0,1
1725101657,18.563415,73.83318,509.19999999999993,15.9625,96,32.541666666666664,179.0,1.0,178.0,1
1725101658,18.563415,73.83318,509.19999999999993,15.866666666666667,96,31.96875,179.0,1.0,178.0,1
1725101659,18.563415,73.83318,509.19999999999993,15.845833333333333,96,31.96875,179.0,1.0,178.0,1
1725101660,18.563415,73.83318,509.19999999999993,15.834375,96,31.96875,179.0,1.0,178.0,1
1725101661,18.563415,73.83318,509.19999999999993,15.786458333333334,96,31.96875,179.0,1.0,178.0,1
1725101662,18.563415,73.83318,509.19999999999993,15.676041666666668,96,32.46875,179.0,1.0,178.0,1
1725101663,18.563415,73.83318,509.19999999999993,15.6625,96,32.46875,179.0,1.0,178.0,1
1725101664,18.563415,73.83318,509.19999999999993,15.739583333333334,96,32.46875,179.0,1.0,178.0,1
1725101665,18.563415,73.83318,509.19999999999993,15.643298969072166,97,32.144329896907216,179.0,1.0,178.0,1
1725101666,18.563415,73.83318,509.19999999999993,15.663917525773197,97,32.144329896907216,179.0,1.0,178.0,1
1725101667,18.563415,73.83318,509.19999999999993,15.654639175257731,97,33.04123711340206,179.0,1.0,178.0,1
1725101668,18.563415,73.83318,509.19999999999993,15.586597938144331,97,33.02061855670103,179.0,1.0,178.0,1
1725101669,18.563415,73.83318,509.19999999999993,15.564948453608247,97,33.02061855670103,179.0,1.0,178.0,1
1725101670,18.563415,73.83318,509.19999999999993,15.554639175257732,97,33.02061855670103,179.0,1.0,178.0,1
1725101671,18.563415,73.83318,509.19999999999993,15.605154639175257,97,33.02061855670103,179.0,1.0,178.0,1
1725101672,18.563415,73.83318,509.19999999999993,15.696907216494845,97,32.83505154639175,179.0,1.0,178.0,1
1725101673,18.563415,73.83318,509.19999999999993,15.502061855670103,97,32.83505154639175,179.0,1.0,178.0,1
1725101674,18.563415,73.83318,509.19999999999993,15.435051546391753,97,32.83505154639175,179.0,1.0,178.0,1
1725101675,18.563415,73.83318,509.19999999999993,15.218556701030929,97,32.83505154639175,179.0,1.0,178.0,1
1725101676,18.563415,73.83318,509.19999999999993,15.488659793814435,97,32.20618556701031,179.0,1.0,178.0,1
1725101677,18.563415,73.83318,509.19999999999993,15.344329896907217,97,32.18556701030928,179.0,1.0,178.0,1
1725101678,18.563415,73.83318,509.19999999999993,15.42680412371134,97,32.18556701030928,179.0,1.0,178.0,1
1725101679,18.563415,73.83318,509.19999999999993,15.325773195876288,97,32.18556701030928,179.0,1.0,178.0,1
1725101680,18.563415,73.83318,509.19999999999993,15.578350515463917,97,32.18556701030928,179.0,1.0,178.0,1
1725101681,18.563415,73.83318,509.19999999999993,15.590721649484536,97,31.88659793814433,179.0,1.0,178.0,1
1725101682,18.563415,73.83318,509.19999999999993,15.540206185567012,97,31.88659793814433,179.0,1.0,178.0,1
1725101683,18.563415,73.83318,509.19999999999993,15.642268041237113,97,31.88659793814433,179.0,1.0,178.0,1
1725101684,18.563415,73.83318,509.19999999999993,15.655670103092783,97,31.88659793814433,179.0,1.0,178.0,1
1725101685,18.563415,73.83318,509.19999999999993,15.468367346938777,98,31.193877551020407,179.0,1.0,178.0,1
1725101686,18.563415,73.83318,509.19999999999993,15.50612244897959,98,31.193877551020407,179.0,1.0,178.0,1
1725101687,18.563415,73.83318,509.19999999999993,15.637755102040817,98,31.20408163265306,179.0,1.0,178.0,1
1725101688,18.563415,73.83318,509.19999999999993,15.641836734693879,98,31.20408163265306,179.0,1.0,178.0,1
1725101689,18.563415,73.83318,509.19999999999993,15.571428571428571,98,31.193877551020407,179.0,1.0,178.0,1
1725101690,18.563415,73.83318,509.19999999999993,15.691836734693878,98,31.0,179.0,1.0,178.0,1
1725101691,18.563415,73.83318,509.19999999999993,15.693877551020408,98,31.0,179.0,1.0,178.0,1
1725101692,18.563415,73.83318,509.19999999999993,15.50204081632653,98,31.0,179.0,1.0,178.0,1
1725101693,18.563415,73.83318,509.19999999999993,15.57857142857143,98,30.989795918367346,179.0,1.0,178.0,1
1725101694,18.563415,73.83318,509.19999999999993,15.735714285714284,98,31.0,179.0,1.0,178.0,1
1725101695,18.563415,73.83318,509.19999999999993,15.726530612244899,98,30.897959183673468,179.0,1.0,178.0,1
1725101696,18.563415,73.83318,509.19999999999993,15.54795918367347,98,30.897959183673468,179.0,1.0,178.0,1
1725101697,18.563415,73.83318,509.19999999999993,15.371428571428572,98,30.897959183673468,179.0,1.0,178.0,1
1725101698,18.563415,73.83318,509.19999999999993,15.441836734693878,98,30.897959183673468,179.0,1.0,178.0,1
1725101699,18.563415,73.83318,509.19999999999993,15.444897959183672,98,30.897959183673468,179.0,1.0,178.0,1
1725101700,18.563415,73.83318,509.19999999999993,15.527551020408163,98,30.897959183673468,179.0,1.0,178.0,1
1725101701,18.563415,73.83318,509.19999999999993,15.395918367346939,98,31.571428571428573,179.0,1.0,178.0,1
1725101702,18.563415,73.83318,509.19999999999993,15.364285714285714,98,32.173469387755105,179.0,1.0,178.0,1
1725101703,18.563415,73.83318,509.19999999999993,15.178571428571429,98,32.765306122448976,179.0,1.0,178.0,1
1725101704,18.563415,73.83318,509.19999999999993,15.177551020408163,98,32.755102040816325,179.0,1.0,178.0,1
1725101705,18.563415,73.83318,509.19999999999993,15.273469387755101,98,32.765306122448976,179.0,1.0,178.0,1
1725101706,18.563415,73.83318,509.19999999999993,15.274489795918369,98,32.775510204081634,179.0,1.0,178.0,1
1725101707,18.563415,73.83318,509.19999999999993,15.20204081632653,98,32.775510204081634,179.0,1.0,178.0,1
1725101708,18.563415,73.83318,509.19999999999993,15.343877551020409,98,32.775510204081634,179.0,1.0,178.0,1
1725101709,18.563415,73.83318,509.19999999999993,15.320408163265308,98,32.765306122448976,179.0,1.0,178.0,1
1725101710,18.563415,73.83318,509.19999999999993,15.216326530612246,98,32.765306122448976,179.0,1.0,178.0,1
1725101711,18.563415,73.83318,509.19999999999993,15.383673469387753,98,32.357142857142854,179.0,1.0,178.0,1
1725101712,18.563415,73.83318,509.19999999999993,15.41958762886598,97,32.20618556701031,179.0,1.0,178.0,1
1725101713,18.563415,73.83318,509.19999999999993,15.41958762886598,97,32.20618556701031,179.0,1.0,178.0,1
1725101714,18.563415,73.83318,509.19999999999993,15.394897959183673,98,31.959183673469386,179.0,1.0,178.0,1
1725101715,18.563415,73.83318,509.19999999999993,15.312244897959182,98,31.959183673469386,179.0,1.0,178.0,1
1725101716,18.563415,73.83318,509.19999999999993,15.543877551020408,98,31.959183673469386,179.0,1.0,178.0,1
1725101717,18.563415,73.83318,509.19999999999993,15.241836734693878,98,31.959183673469386,179.0,1.0,178.0,1
1725101718,18.563415,73.83318,509.19999999999993,15.358163265306121,98,31.959183673469386,179.0,1.0,178.0,1
1725101719,18.563415,73.83318,509.19999999999993,15.457142857142857,98,31.959183673469386,179.0,1.0,178.0,1
1725101720,18.563415,73.83318,509.19999999999993,15.69795918367347,98,31.397959183673468,179.0,1.0,178.0,1
1725101721,18.563415,73.83318,509.19999999999993,15.518367346938774,98,31.20408163265306,179.0,1.0,178.0,1
1725101722,18.563415,73.83318,509.19999999999993,15.589795918367347,98,31.20408163265306,179.0,1.0,178.0,1
1725101723,18.563415,73.83318,509.19999999999993,15.758163265306122,98,31.214285714285715,179.0,1.0,178.0,1
1725101724,18.563415,73.83318,509.19999999999993,15.708163265306123,98,31.20408163265306,179.0,1.0,178.0,1
1725101725,18.563415,73.83318,509.19999999999993,15.66938775510204,98,31.193877551020407,179.0,1.0,178.0,1
1725101726,18.563415,73.83318,509.19999999999993,15.820408163265308,98,31.193877551020407,179.0,1.0,178.0,1
1725101727,18.563415,73.83318,509.19999999999993,15.805102040816328,98,31.193877551020407,179.0,1.0,178.0,1
1725101728,18.563415,73.83318,509.19999999999993,15.744897959183673,98,31.193877551020407,179.0,1.0,178.0,1
1725101729,18.563415,73.83318,509.19999999999993,15.894897959183673,98,30.887755102040817,179.0,1.0,178.0,1
1725101730,18.563415,73.83318,509.19999999999993,15.838775510204082,98,30.897959183673468,179.0,1.0,178.0,1
1725101731,18.563415,73.83318,509.19999999999993,15.78673469387755,98,30.877551020408163,179.0,1.0,178.0,1
1725101732,18.563415,73.83318,509.19999999999993,15.82857142857143,98,30.877551020408163,179.0,1.0,178.0,1
1725101733,18.563415,73.83318,509.19999999999993,15.764285714285716,98,30.857142857142858,179.0,1.0,178.0,1
1725101734,18.563415,73.83318,509.19999999999993,15.887755102040817,98,30.857142857142858,179.0,1.0,178.0,1
1725101735,18.563415,73.83318,509.19999999999993,15.756701030927836,97,31.09278350515464,179.0,1.0,178.0,1
1725101736,18.563415,73.83318,509.19999999999993,15.67216494845361,97,31.09278350515464,179.0,1.0,178.0,1
1725101737,18.563415,73.83318,509.19999999999993,15.601020408163267,98,30.857142857142858,179.0,1.0,178.0,1
1725101738,18.563415,73.83318,509.19999999999993,15.766326530612243,98,30.857142857142858,179.0,1.0,178.0,1
1725101739,18.563415,73.83318,509.19999999999993,15.48469387755102,98,30.857142857142858,179.0,1.0,178.0,1
1725101740,18.563415,73.83318,509.19999999999993,15.377551020408163,98,30.877551020408163,179.0,1.0,178.0,1
1725101741,18.563415,73.83318,509.19999999999993,15.362244897959183,98,30.897959183673468,179.0,1.0,178.0,1
1725101742,18.563415,73.83318,509.19999999999993,15.453061224489797,98,30.877551020408163,179.0,1.0,178.0,1
1725101743,18.563415,73.83318,509.19999999999993,15.60204081632653,98,30.877551020408163,179.0,1.0,178.0,1
1725101744,18.563415,73.83318,509.19999999999993,15.592857142857142,98,30.877551020408163,179.0,1.0,178.0,1
1725101745,18.563415,73.83318,509.19999999999993,,0,,179.0,1.0,178.0,1
